Workbook

Sheet dummy_data_gen
A1: date | B1: transaction_id | C1: user_id | D1: transaction_type | E1: gold_price | F1: sell_price | G1: quantity | H1: transaction_fee | I1: total_sell_price | J1: total_revenue | K1: total_net_revenue
A2: =RANDBETWEEN(DATE(2020, 1, 1), DATE(2024, 12, 31)) -> 43842 | B2: ="DG"&TEXT(ROW(A1), "0000000000") -> DG0000000001 | C2: =RANDBETWEEN(1, 50) -> 6 | D2: =IF(RANDBETWEEN(0,1)=0, "sell", "buy") -> sell | E2: =LOOKUP(YEAR(A2),dummy_gold_price!$A$2:$A$6,dummy_gold_price!$B$2:$B$6) -> 900000 | F2: =E2+IF(D2="buy", E2*0.02, -E2*0.02) -> 882000 | G2: =RANDBETWEEN(0, 1000)/100 -> 2.91 | H2: =F2*G2*0.01 -> 25666.2 | I2: =F2*G2+H2 -> 2592286.2 | J2: =ABS(F2-E2)*G2 -> 52380 | K2: =J2-H2 -> 26713.8
A3: =RANDBETWEEN(DATE(2020, 1, 1), DATE(2024, 12, 31)) -> 45219 | C3: =RANDBETWEEN(1, 50) -> 8 | D3: =IF(RANDBETWEEN(0,1)=0, "sell", "buy") -> sell | E3: =LOOKUP(YEAR(A3),dummy_gold_price!$A$2:$A$6,dummy_gold_price!$B$2:$B$6) -> 1150000 | F3: =E3+IF(D3="buy", E3*0.02, -E3*0.02) -> 1127000 | G3: =RANDBETWEEN(0, 1000)/100 -> 7.92 | H3: =F3*G3*0.01 -> 89258.4 | I3: =F3*G3+H3 -> 9015098.4 | J3: =ABS(F3-E3)*G3 -> 182160 | K3: =J3-H3 -> 92901.6
A4: =RANDBETWEEN(DATE(2020, 1, 1), DATE(2024, 12, 31)) -> 44788 | C4: =RANDBETWEEN(1, 50) -> 19 | D4: =IF(RANDBETWEEN(0,1)=0, "sell", "buy") -> sell | E4: =LOOKUP(YEAR(A4),dummy_gold_price!$A$2:$A$6,dummy_gold_price!$B$2:$B$6) -> 1050000 | F4: =E4+IF(D4="buy", E4*0.02, -E4*0.02) -> 1029000 | G4: =RANDBETWEEN(0, 1000)/100 -> 3.41 | H4: =F4*G4*0.01 -> 35088.9 | I4: =F4*G4+H4 -> 3543978.9 | J4: =ABS(F4-E4)*G4 -> 71610 | K4: =J4-H4 -> 36521.1
A5: =RANDBETWEEN(DATE(2020, 1, 1), DATE(2024, 12, 31)) -> 44073 | C5: =RANDBETWEEN(1, 50) -> 23 | D5: =IF(RANDBETWEEN(0,1)=0, "sell", "buy") -> sell | E5: =LOOKUP(YEAR(A5),dummy_gold_price!$A$2:$A$6,dummy_gold_price!$B$2:$B$6) -> 900000 | F5: =E5+IF(D5="buy", E5*0.02, -E5*0.02) -> 882000 | G5: =RANDBETWEEN(0, 1000)/100 -> 7.51 | H5: =F5*G5*0.01 -> 66238.2 | I5: =F5*G5+H5 -> 6690058.2 | J5: =ABS(F5-E5)*G5 -> 135180 | K5: =J5-H5 -> 68941.8
A6: =RANDBETWEEN(DATE(2020, 1, 1), DATE(2024, 12, 31)) -> 44236 | C6: =RANDBETWEEN(1, 50) -> 6 | D6: =IF(RANDBETWEEN(0,1)=0, "sell", "buy") -> buy | E6: =LOOKUP(YEAR(A6),dummy_gold_price!$A$2:$A$6,dummy_gold_price!$B$2:$B$6) -> 950000 | F6: =E6+IF(D6="buy", E6*0.02, -E6*0.02) -> 969000 | G6: =RANDBETWEEN(0, 1000)/100 -> 6.24 | H6: =F6*G6*0.01 -> 60465.6 | I6: =F6*G6+H6 -> 6107025.6 | J6: =ABS(F6-E6)*G6 -> 118560 | K6: =J6-H6 -> 58094.4
A7: =RANDBETWEEN(DATE(2020, 1, 1), DATE(2024, 12, 31)) -> 44162 | C7: =RANDBETWEEN(1, 50) -> 35 | D7: =IF(RANDBETWEEN(0,1)=0, "sell", "buy") -> sell | E7: =LOOKUP(YEAR(A7),dummy_gold_price!$A$2:$A$6,dummy_gold_price!$B$2:$B$6) -> 900000 | F7: =E7+IF(D7="buy", E7*0.02, -E7*0.02) -> 882000 | G7: =RANDBETWEEN(0, 1000)/100 -> 9.13 | H7: =F7*G7*0.01 -> 80526.6 | I7: =F7*G7+H7 -> 8133186.6 | J7: =ABS(F7-E7)*G7 -> 164340 | K7: =J7-H7 -> 83813.4
A8: =RANDBETWEEN(DATE(2020, 1, 1), DATE(2024, 12, 31)) -> 45076 | C8: =RANDBETWEEN(1, 50) -> 49 | D8: =IF(RANDBETWEEN(0,1)=0, "sell", "buy") -> buy | E8: =LOOKUP(YEAR(A8),dummy_gold_price!$A$2:$A$6,dummy_gold_price!$B$2:$B$6) -> 1150000 | F8: =E8+IF(D8="buy", E8*0.02, -E8*0.02) -> 1173000 | G8: =RANDBETWEEN(0, 1000)/100 -> 0.34 | H8: =F8*G8*0.01 -> 3988.2 | I8: =F8*G8+H8 -> 402808.2 | J8: =ABS(F8-E8)*G8 -> 7820 | K8: =J8-H8 -> 3831.8
A9: =RANDBETWEEN(DATE(2020, 1, 1), DATE(2024, 12, 31)) -> 45264 | C9: =RANDBETWEEN(1, 50) -> 28 | D9: =IF(RANDBETWEEN(0,1)=0, "sell", "buy") -> buy | E9: =LOOKUP(YEAR(A9),dummy_gold_price!$A$2:$A$6,dummy_gold_price!$B$2:$B$6) -> 1150000 | F9: =E9+IF(D9="buy", E9*0.02, -E9*0.02) -> 1173000 | G9: =RANDBETWEEN(0, 1000)/100 -> 0.54 | H9: =F9*G9*0.01 -> 6334.2 | I9: =F9*G9+H9 -> 639754.2 | J9: =ABS(F9-E9)*G9 -> 12420 | K9: =J9-H9 -> 6085.8
A10: =RANDBETWEEN(DATE(2020, 1, 1), DATE(2024, 12, 31)) -> 44197 | C10: =RANDBETWEEN(1, 50) -> 26 | D10: =IF(RANDBETWEEN(0,1)=0, "sell", "buy") -> sell | E10: =LOOKUP(YEAR(A10),dummy_gold_price!$A$2:$A$6,dummy_gold_price!$B$2:$B$6) -> 950000 | F10: =E10+IF(D10="buy", E10*0.02, -E10*0.02) -> 931000 | G10: =RANDBETWEEN(0, 1000)/100 -> 7.57 | H10: =F10*G10*0.01 -> 70476.7 | I10: =F10*G10+H10 -> 7118146.7 | J10: =ABS(F10-E10)*G10 -> 143830 | K10: =J10-H10 -> 73353.3
A11: =RANDBETWEEN(DATE(2020, 1, 1), DATE(2024, 12, 31)) -> 45486 | C11: =RANDBETWEEN(1, 50) -> 50 | D11: =IF(RANDBETWEEN(0,1)=0, "sell", "buy") -> buy | E11: =LOOKUP(YEAR(A11),dummy_gold_price!$A$2:$A$6,dummy_gold_price!$B$2:$B$6) -> 1250000 | F11: =E11+IF(D11="buy", E11*0.02, -E11*0.02) -> 1275000 | G11: =RANDBETWEEN(0, 1000)/100 -> 3.17 | H11: =F11*G11*0.01 -> 40417.5 | I11: =F11*G11+H11 -> 4082167.5 | J11: =ABS(F11-E11)*G11 -> 79250 | K11: =J11-H11 -> 38832.5
A12: =RANDBETWEEN(DATE(2020, 1, 1), DATE(2024, 12, 31)) -> 45617 | C12: =RANDBETWEEN(1, 50) -> 23 | D12: =IF(RANDBETWEEN(0,1)=0, "sell", "buy") -> sell | E12: =LOOKUP(YEAR(A12),dummy_gold_price!$A$2:$A$6,dummy_gold_price!$B$2:$B$6) -> 1250000 | F12: =E12+IF(D12="buy", E12*0.02, -E12*0.02) -> 1225000 | G12: =RANDBETWEEN(0, 1000)/100 -> 3.15 | H12: =F12*G12*0.01 -> 38587.5 | I12: =F12*G12+H12 -> 3897337.5 | J12: =ABS(F12-E12)*G12 -> 78750 | K12: =J12-H12 -> 40162.5
A13: =RANDBETWEEN(DATE(2020, 1, 1), DATE(2024, 12, 31)) -> 45368 | C13: =RANDBETWEEN(1, 50) -> 39 | D13: =IF(RANDBETWEEN(0,1)=0, "sell", "buy") -> sell | E13: =LOOKUP(YEAR(A13),dummy_gold_price!$A$2:$A$6,dummy_gold_price!$B$2:$B$6) -> 1250000 | F13: =E13+IF(D13="buy", E13*0.02, -E13*0.02) -> 1225000 | G13: =RANDBETWEEN(0, 1000)/100 -> 8.88 | H13: =F13*G13*0.01 -> 108780 | I13: =F13*G13+H13 -> 10986780 | J13: =ABS(F13-E13)*G13 -> 222000 | K13: =J13-H13 -> 113220
A14: =RANDBETWEEN(DATE(2020, 1, 1), DATE(2024, 12, 31)) -> 43876 | C14: =RANDBETWEEN(1, 50) -> 15 | D14: =IF(RANDBETWEEN(0,1)=0, "sell", "buy") -> buy | E14: =LOOKUP(YEAR(A14),dummy_gold_price!$A$2:$A$6,dummy_gold_price!$B$2:$B$6) -> 900000 | F14: =E14+IF(D14="buy", E14*0.02, -E14*0.02) -> 918000 | G14: =RANDBETWEEN(0, 1000)/100 -> 8.39 | H14: =F14*G14*0.01 -> 77020.2 | I14: =F14*G14+H14 -> 7779040.2 | J14: =ABS(F14-E14)*G14 -> 151020 | K14: =J14-H14 -> 73999.8
... A101: =RANDBETWEEN(DATE(2020, 1, 1), DATE(2024, 12, 31)) -> 44723 | C101: =RANDBETWEEN(1, 50) -> 39 | D101: =IF(RANDBETWEEN(0,1)=0, "sell", "buy") -> sell | E101: =LOOKUP(YEAR(A101),dummy_gold_price!$A$2:$A$6,dummy_gold_price!$B$2:$B$6) -> 1050000 | F101: =E101+IF(D101="buy", E101*0.02, -E101*0.02) -> 1029000 | G101: =RANDBETWEEN(0, 1000)/100 -> 6.26 | H101: =F101*G101*0.01 -> 64415.4 | I101: =F101*G101+H101 -> 6505955.4 | J101: =ABS(F101-E101)*G101 -> 131460 | K101: =J101-H101 -> 67044.6

Sheet dummy_gold_price
A1: year | B1: type
A2: 2020 | B2: 900000
A3: 2021 | B3: 950000
A4: 2022 | B4: 1050000
A5: 2023 | B5: 1150000
A6: 2024 | B6: 1250000

Sheet Sheet3
A1: date | B1: transaction_id | C1: user_id | D1: transaction_type | E1: gold_price | F1: sell_price | G1: quantity | H1: transaction_fee | I1: total_sell_price | J1: total_revenue | K1: total_net_revenue
A2: 43850 | B2: ="DG"&TEXT(ROW(A1), "0000000000") -> DG0000000001 | C2: 13 | D2: sell | E2: 900000 | F2: 882000 | G2: 8.21 | H2: 72412.2 | I2: 7313632.2 | J2: 147780 | K2: 75367.8
A3: 43853 | B3: ="DG"&TEXT(ROW(A2), "0000000000") -> DG0000000002 | C3: 50 | D3: sell | E3: 900000 | F3: 882000 | G3: 2.84 | H3: 25048.8 | I3: 2529928.8 | J3: 51120 | K3: 26071.2
A4: 43862 | B4: ="DG"&TEXT(ROW(A3), "0000000000") -> DG0000000003 | C4: 37 | D4: buy | E4: 900000 | F4: 918000 | G4: 1.29 | H4: 11842.2 | I4: 1196062.2 | J4: 23220 | K4: 11377.8
A5: 43867 | B5: ="DG"&TEXT(ROW(A4), "0000000000") -> DG0000000004 | C5: 6 | D5: sell | E5: 900000 | F5: 882000 | G5: 5.43 | H5: 47892.6 | I5: 4837152.6 | J5: 97740 | K5: 49847.4
A6: 43886 | B6: ="DG"&TEXT(ROW(A5), "0000000000") -> DG0000000005 | C6: 38 | D6: buy | E6: 900000 | F6: 918000 | G6: 8.08 | H6: 74174.4 | I6: 7491614.4 | J6: 145440 | K6: 71265.6
A7: 43908 | B7: ="DG"&TEXT(ROW(A6), "0000000000") -> DG0000000006 | C7: 29 | D7: buy | E7: 900000 | F7: 918000 | G7: 0.47 | H7: 4314.6 | I7: 435774.6 | J7: 8460 | K7: 4145.4
A8: 43914 | B8: ="DG"&TEXT(ROW(A7), "0000000000") -> DG0000000007 | C8: 1 | D8: sell | E8: 900000 | F8: 882000 | G8: 7.06 | H8: 62269.2 | I8: 6289189.2 | J8: 127080 | K8: 64810.8
A9: 43923 | B9: ="DG"&TEXT(ROW(A8), "0000000000") -> DG0000000008 | C9: 30 | D9: sell | E9: 900000 | F9: 882000 | G9: 9.84 | H9: 86788.8 | I9: 8765668.8 | J9: 177120 | K9: 90331.2
A10: 43937 | B10: ="DG"&TEXT(ROW(A9), "0000000000") -> DG0000000009 | C10: 31 | D10: buy | E10: 900000 | F10: 918000 | G10: 8.38 | H10: 76928.4 | I10: 7769768.4 | J10: 150840 | K10: 73911.6
A11: 43947 | B11: ="DG"&TEXT(ROW(A10), "0000000000") -> DG0000000010 | C11: 2 | D11: sell | E11: 900000 | F11: 882000 | G11: 4.36 | H11: 38455.2 | I11: 3883975.2 | J11: 78480 | K11: 40024.8
A12: 43962 | B12: ="DG"&TEXT(ROW(A11), "0000000000") -> DG0000000011 | C12: 40 | D12: sell | E12: 900000 | F12: 882000 | G12: 7.19 | H12: 63415.8 | I12: 6404995.8 | J12: 129420 | K12: 66004.2
A13: 43978 | B13: ="DG"&TEXT(ROW(A12), "0000000000") -> DG0000000012 | C13: 15 | D13: sell | E13: 900000 | F13: 882000 | G13: 6.62 | H13: 58388.4 | I13: 5897228.4 | J13: 119160 | K13: 60771.6
... A101: 45595 | B101: ="DG"&TEXT(ROW(A100), "0000000000") -> DG0000000100 | C101: 30 | D101: buy | E101: 1250000 | F101: 1275000 | G101: 4.87 | H101: 62092.5 | I101: 6271342.5 | J101: 121750 | K101: 59657.5
